{
  "literal": {
    "bm25": 0.775,
    "tfidf": 0.75,
    "neural": 0.45
  },
  "semantic": {
    "bm25": 0.7000000000000001,
    "tfidf": 0.7250000000000001,
    "neural": 0.55
  }
}